{
  "accuracy": 0.86375,
  "precision": 0.8726807613627101,
  "recall": 0.86375,
  "f1_score": 0.8577808810184088,
  "num_classes": 38,
  "training_time": 104.20280838012695
}